FPR,TPR
0.0,0.0
9.02364194188781e-05,0.003562945368171013
9.02364194188781e-05,0.007422802850356278
9.02364194188781e-05,0.011282660332541541
9.02364194188781e-05,0.015142517814726806
9.02364194188781e-05,0.01900237529691207
9.02364194188781e-05,0.022862232779097335
9.02364194188781e-05,0.0267220902612826
9.02364194188781e-05,0.03058194774346787
0.0001804728388377562,0.03414489311163888
0.0001804728388377562,0.038004750593824146
0.0001804728388377562,0.04186460807600941
0.0001804728388377562,0.04572446555819468
0.0001804728388377562,0.04958432304037994
0.0001804728388377562,0.053444180522565214
0.0001804728388377562,0.05730403800475048
0.0002707092582566343,0.06086698337292149
0.0004511820970943905,0.06413301662707825
0.0005414185165132686,0.06769596199524927
0.0008121277747699028,0.07066508313539178
0.0008121277747699028,0.07452494061757704
0.0008121277747699028,0.0783847980997623
0.0008121277747699028,0.08224465558194756
0.000902364194188781,0.08580760095011856
0.000992600613607659,0.08937054631828958
0.0011730734524454153,0.09263657957244635
0.0014437827107020495,0.09560570071258886
0.0014437827107020495,0.09946555819477412
0.0015340191301209277,0.10302850356294513
0.0016242555495398058,0.10659144893111615
0.0018047283883775621,0.10985748218527291
0.0018949648077964403,0.11342042755344393
0.0019852012272153184,0.11698337292161494
0.0020754376466341966,0.12054631828978596
0.0022559104854719524,0.12381235154394273
0.0022559104854719524,0.12767220902612797
0.0023461469048908306,0.131235154394299
0.0023461469048908306,0.13509501187648426
0.0023461469048908306,0.13895486935866952
0.0023461469048908306,0.14281472684085478
0.0024363833243097083,0.14637767220902578
0.0024363833243097083,0.15023752969121104
0.0024363833243097083,0.1540973871733963
0.0025266197437285864,0.15766033254156728
0.002616856163147464,0.16122327790973828
0.002616856163147464,0.16508313539192354
0.002707092582566342,0.16864608076009455
0.002707092582566342,0.1725059382422798
0.002707092582566342,0.17636579572446506
0.002707092582566342,0.18022565320665032
0.00279732900198522,0.1837885985748213
0.00279732900198522,0.18764845605700656
0.002977801840822976,0.19091448931116334
0.002977801840822976,0.1947743467933486
0.002977801840822976,0.19863420427553385
0.002977801840822976,0.2024940617577191
0.002977801840822976,0.20635391923990437
0.003068038260241854,0.20991686460807538
0.003068038260241854,0.21377672209026063
0.003068038260241854,0.2176365795724459
0.003068038260241854,0.22149643705463115
0.003068038260241854,0.2253562945368164
0.003068038260241854,0.22921615201900167
0.0031582746796607318,0.23277909738717265
0.0031582746796607318,0.2366389548693579
0.0031582746796607318,0.24049881235154316
0.00324851109907961,0.24406175771971417
0.00324851109907961,0.24792161520189943
0.00324851109907961,0.2517814726840847
0.00324851109907961,0.25564133016626994
0.00324851109907961,0.2595011876484552
0.0033387475184984876,0.2630641330166262
0.0033387475184984876,0.26692399049881144
0.0033387475184984876,0.2707838479809967
0.0033387475184984876,0.27464370546318195
0.0033387475184984876,0.2785035629453672
0.0033387475184984876,0.28236342042755247
0.0033387475184984876,0.28622327790973773
0.0033387475184984876,0.290083135391923
0.0033387475184984876,0.29394299287410824
0.0033387475184984876,0.2978028503562935
0.0033387475184984876,0.30166270783847876
0.0033387475184984876,0.305522565320664
0.0033387475184984876,0.3093824228028493
0.0033387475184984876,0.31324228028503454
0.0033387475184984876,0.3171021377672198
0.0033387475184984876,0.32096199524940505
0.0033387475184984876,0.3248218527315903
0.0033387475184984876,0.32868171021377557
0.0034289839379173653,0.3322446555819466
0.0034289839379173653,0.33610451306413186
0.0034289839379173653,0.3399643705463171
0.0035192203573362435,0.3435273159144881
0.0035192203573362435,0.34738717339667335
0.0035192203573362435,0.3512470308788586
0.003609456776755121,0.35480997624702965
0.003609456776755121,0.3586698337292149
0.003609456776755121,0.3625296912114001
0.003609456776755121,0.36638954869358537
0.003609456776755121,0.3702494061757706
0.003699693196173999,0.37381235154394166
0.003699693196173999,0.3776722090261269
0.003699693196173999,0.3815320665083122
0.003699693196173999,0.38539192399049743
0.003699693196173999,0.3892517814726827
0.003789929615592877,0.39281472684085367
0.0038801660350117548,0.3963776722090247
0.0038801660350117548,0.40023752969120996
0.0038801660350117548,0.4040973871733952
0.0038801660350117548,0.4079572446555805
0.0039704024544306325,0.41152019002375145
0.0039704024544306325,0.4153800475059367
0.0039704024544306325,0.41923990498812197
0.0039704024544306325,0.42309976247030723
0.0039704024544306325,0.4269596199524925
0.0039704024544306325,0.43081947743467774
0.00406063887384951,0.4343824228028487
0.00406063887384951,0.438242280285034
0.004150875293268389,0.441805225653205
0.004150875293268389,0.44566508313539027
0.004150875293268389,0.44952494061757553
0.004331348132106144,0.4527909738717322
0.004421584551525023,0.45635391923990326
0.004421584551525023,0.4602137767220885
0.004421584551525023,0.4640736342042738
0.0045118209709439005,0.46763657957244475
0.004602057390362778,0.47119952494061573
0.004602057390362778,0.475059382422801
0.004602057390362778,0.47891923990498625
0.004692293809781656,0.4824821852731573
0.004692293809781656,0.48634204275534254
0.004692293809781656,0.4902019002375278
0.004692293809781656,0.49406175771971306
0.004692293809781656,0.4979216152018983
0.004692293809781656,0.5020783847980979
0.004692293809781656,0.5059382422802831
0.004692293809781656,0.5097980997624684
0.004692293809781656,0.5136579572446536
0.004782530229200534,0.5172209026128246
0.004782530229200534,0.5210807600950098
0.004782530229200534,0.5249406175771951
0.004782530229200534,0.5288004750593803
0.004782530229200534,0.5326603325415656
0.004782530229200534,0.5365201900237508
0.004782530229200534,0.5403800475059362
0.004782530229200534,0.5442399049881214
0.004872766648619412,0.5478028503562924
0.005053239487457168,0.5510688836104491
0.005053239487457168,0.5549287410926343
0.005143475906876045,0.5584916864608054
0.005233712326294923,0.5620546318289764
0.005233712326294923,0.5659144893111617
0.005323948745713801,0.5694774346793328
0.005323948745713801,0.5733372921615181
0.005323948745713801,0.5771971496437034
0.005414185165132679,0.5807600950118744
0.005414185165132679,0.5846199524940597
0.005414185165132679,0.588479809976245
0.005414185165132679,0.5923396674584304
0.005414185165132679,0.5961995249406157
0.005414185165132679,0.600059382422801
0.005414185165132679,0.6039192399049863
0.005504421584551557,0.6074821852731573
0.005504421584551557,0.6113420427553427
0.005504421584551557,0.615201900237528
0.005504421584551557,0.6190617577197133
0.0056848944233893126,0.6223277909738701
0.00577513084280819,0.6258907363420411
0.005865367262227068,0.6294536817102121
0.005865367262227068,0.6333135391923974
0.005865367262227068,0.6371733966745827
0.005865367262227068,0.641033254156768
0.005955603681645947,0.6445961995249391
0.005955603681645947,0.6484560570071244
0.005955603681645947,0.6523159144893097
0.005955603681645947,0.656175771971495
0.005955603681645947,0.6600356294536803
0.005955603681645947,0.6638954869358656
0.006045840101064824,0.6674584323040367
0.00622631293990258,0.6707244655581934
0.00622631293990258,0.6745843230403787
0.006406785778740336,0.6778503562945356
0.006406785778740336,0.6817102137767209
0.006497022198159214,0.6852731591448918
0.006497022198159214,0.6891330166270773
0.006497022198159214,0.6929928741092626
0.006497022198159214,0.6968527315914479
0.006677495036996969,0.7001187648456046
0.006767731456415847,0.7036817102137757
0.006767731456415847,0.707541567695961
0.006767731456415847,0.7114014251781463
0.006948204295253603,0.7146674584323031
0.006948204295253603,0.7185273159144884
0.006948204295253603,0.7223871733966737
0.006948204295253603,0.7262470308788591
0.006948204295253603,0.7301068883610444
0.007038440714672481,0.7336698337292153
0.007038440714672481,0.7375296912114007
0.007038440714672481,0.741389548693586
0.007309149972929115,0.7443586698337284
0.007489622811766871,0.7476247030878853
0.007670095650604627,0.7508907363420421
0.007760332070023504,0.7544536817102131
0.007760332070023504,0.7583135391923984
0.007850568489442383,0.7618764845605694
0.007850568489442383,0.7657363420427548
0.007850568489442383,0.7695961995249401
0.007850568489442383,0.7734560570071254
0.00794080490886126,0.7770190023752964
0.00794080490886126,0.7808788598574817
0.00794080490886126,0.784738717339667
0.00794080490886126,0.7885985748218524
0.00794080490886126,0.7924584323040377
0.00794080490886126,0.796318289786223
0.00794080490886126,0.8001781472684083
0.008031041328280138,0.8037410926365793
0.008031041328280138,0.8076009501187646
0.008031041328280138,0.81146080760095
0.008121277747699015,0.8150237529691209
0.008211514167117894,0.8185866983372919
0.008211514167117894,0.8224465558194772
0.008211514167117894,0.8263064133016625
0.008301750586536772,0.8298693586698336
0.008482223425374528,0.8331353919239903
0.008752932683631162,0.8361045130641328
0.008933405522468917,0.8393705463182897
0.009204114780725553,0.8423396674584321
0.009565060458401064,0.8450118764845604
0.009565060458401064,0.8488717339667458
0.009655296877819942,0.8524346793349167
0.009655296877819942,0.856294536817102
0.009835769716657698,0.8595605700712589
0.009835769716657698,0.8634204275534442
0.010016242555495455,0.8666864608076009
0.010106478974914334,0.870249406175772
0.010286951813752089,0.8735154394299287
0.010286951813752089,0.8773752969121141
0.010557661072008723,0.8803444180522566
0.010557661072008723,0.8842042755344419
0.010738133910846479,0.8874703087885987
0.010828370330265359,0.8910332541567697
0.010828370330265359,0.894893111638955
0.010828370330265359,0.8987529691211403
0.010918606749684237,0.9023159144893114
0.011099079588521993,0.9055819477434681
0.011189316007940871,0.9091448931116392
0.011189316007940871,0.9130047505938245
0.011189316007940871,0.9168646080760098
0.011189316007940871,0.9207244655581951
0.01127955242735975,0.9242874109263661
0.011460025266197505,0.9275534441805229
0.011460025266197505,0.9314133016627082
0.011460025266197505,0.9352731591448935
0.011460025266197505,0.9391330166270788
0.011460025266197505,0.9429928741092641
0.011640498105035263,0.946258907363421
0.011640498105035263,0.9501187648456063
0.011640498105035263,0.9539786223277916
0.011730734524454141,0.9575415676959625
0.011730734524454141,0.961401425178148
0.011730734524454141,0.9652612826603333
0.01182097094387302,0.9688242280285042
0.012001443782710775,0.9720902612826611
0.012091680202129654,0.975653206650832
0.01227215304096741,0.9789192399049889
0.012633098718642922,0.9815914489311172
0.01317451723515619,0.9836698337292169
0.01317451723515619,0.9875296912114022
0.013445226493412826,0.9904988123515447
0.013986645009926094,0.9925771971496444
0.014528063526439363,0.9946555819477442
0.015430427720628144,0.9955463182897869
0.01651326475365468,0.9958432304038011
0.017596101786681216,0.9961401425178154
0.01876917523912663,0.9961401425178154
0.01985201227215317,0.9964370546318295
0.02093484930517971,0.9967339667458437
0.022017686338206246,0.9970308788598579
0.023190759790651664,0.9970308788598579
0.02436383324309708,0.9970308788598579
0.02553690669554249,0.9970308788598579
0.026709980147987904,0.9970308788598579
0.02788305360043332,0.9970308788598579
0.02905612705287873,0.9970308788598579
0.030229200505324145,0.9970308788598579
0.031131564699512924,0.9979216152019006
0.03221440173253946,0.9982185273159148
0.033387475184984874,0.9982185273159148
0.03456054863743029,0.9982185273159148
0.03564338567045683,0.998515439429929
0.03681645912290224,0.998515439429929
0.03798953257534766,0.998515439429929
0.03916260602779307,0.998515439429929
0.04033567948023848,0.998515439429929
0.04150875293268389,0.998515439429929
0.042591589965710434,0.9988123515439432
0.043764663418155846,0.9988123515439432
0.04493773687060126,0.9988123515439432
0.046110810323046675,0.9988123515439432
0.047283883775492086,0.9988123515439432
0.0484569572279375,0.9988123515439432
0.049630030680382915,0.9988123515439432
0.050803104132828326,0.9988123515439432
0.05197617758527374,0.9988123515439432
0.053149251037719156,0.9988123515439432
0.05432232449016457,0.9988123515439432
0.05549539794260998,0.9988123515439432
0.05666847139505539,0.9988123515439432
0.05784154484750081,0.9988123515439432
0.05901461829994622,0.9988123515439432
0.06018769175239163,0.9988123515439432
0.06136076520483705,0.9988123515439432
0.06253383865728246,0.9988123515439432
0.063616675690309,0.9991092636579574
0.06478974914275441,0.9991092636579574
0.06596282259519982,0.9991092636579574
0.06713589604764524,0.9991092636579574
0.06830896950009065,0.9991092636579574
0.06957227937195494,0.9991092636579574
0.07074535282440036,0.9991092636579574
0.07191842627684578,0.9991092636579574
0.0730914997292912,0.9991092636579574
0.07426457318173663,0.9991092636579574
0.07543764663418204,0.9991092636579574
0.07661072008662746,0.9991092636579574
0.07787402995849176,0.9991092636579574
0.07904710341093718,0.9991092636579574
0.0802201768633826,0.9991092636579574
0.08139325031582803,0.9991092636579574
0.08265656018769232,0.9991092636579574
0.08382963364013775,0.9991092636579574
0.08509294351200204,0.9991092636579574
0.08617578054502857,0.9994061757719715
0.087348853997474,0.9994061757719715
0.08852192744991941,0.9994061757719715
0.08969500090236483,0.9994061757719715
0.09086807435481026,0.9994061757719715
0.09204114780725567,0.9994061757719715
0.0932142212597011,0.9994061757719715
0.09438729471214652,0.9994061757719715
0.09556036816459194,0.9994061757719715
0.09673344161703736,0.9994061757719715
0.09790651506948278,0.9994061757719715
0.09898935210250931,0.9997030878859858
0.10016242555495473,0.9997030878859858
0.10133549900740016,0.9997030878859858
0.10250857245984557,0.9997030878859858
0.103681645912291,0.9997030878859858
0.10485471936473642,0.9997030878859858
0.10602779281718183,0.9997030878859858
0.10720086626962726,0.9997030878859858
0.10846417614149155,0.9997030878859858
0.10972748601335586,0.9997030878859858
0.11099079588522015,0.9997030878859858
0.11216386933766558,0.9997030878859858
0.11333694279011099,0.9997030878859858
0.11451001624255641,0.9997030878859858
0.11568308969500184,0.9997030878859858
0.11685616314744725,0.9997030878859858
0.11802923659989267,0.9997030878859858
0.11929254647175697,0.9997030878859858
0.12046561992420239,0.9997030878859858
0.12172892979606668,0.9997030878859858
0.12290200324851211,0.9997030878859858
0.12407507670095753,0.9997030878859858
0.12524815015340296,0.9997030878859858
0.12642122360584837,0.9997030878859858
0.12768453347771266,0.9997030878859858
0.1288576069301581,0.9997030878859858
0.13003068038260351,0.9997030878859858
0.13120375383504893,0.9997030878859858
0.13237682728749436,0.9997030878859858
0.13354990073993978,0.9997030878859858
0.1347229741923852,0.9997030878859858
0.13589604764483063,0.9997030878859858
0.13706912109727604,0.9997030878859858
0.13824219454972145,0.9997030878859858
0.1394152680021669,0.9997030878859858
0.14067857787403118,0.9997030878859858
0.1418516513264766,0.9997030878859858
0.14302472477892203,0.9997030878859858
0.14419779823136744,0.9997030878859858
0.14537087168381285,0.9997030878859858
0.1465439451362583,0.9997030878859858
0.1477170185887037,0.9997030878859858
0.1488900920411491,0.9997030878859858
0.15006316549359455,0.9997030878859858
0.15123623894603996,0.9997030878859858
0.15240931239848537,0.9997030878859858
0.15349214943151193,1.0
0.15466522288395734,1.0
0.15583829633640275,1.0
0.1570113697888482,1.0
0.1581844432412936,1.0
0.15935751669373902,1.0
0.16053059014618445,1.0
0.16170366359862987,1.0
0.16287673705107528,1.0
0.16404981050352072,1.0
0.16522288395596613,1.0
0.16639595740841154,1.0
0.16756903086085698,1.0
0.1687421043133024,1.0
0.16991517776574783,1.0
0.1711784876376121,1.0
0.1723515610900575,1.0
0.17352463454250294,1.0
0.17469770799494835,1.0
0.1758707814473938,1.0
0.1770438548998392,1.0
0.17821692835228461,1.0
0.17939000180473005,1.0
0.18056307525717546,1.0
0.18173614870962088,1.0
0.18299945858148517,1.0
0.18417253203393058,1.0
0.18534560548637602,1.0
0.18651867893882143,1.0
0.18769175239126684,1.0
0.18886482584371228,1.0
0.1900378992961577,1.0
0.1912109727486031,1.0
0.19238404620104854,1.0
0.19355711965349395,1.0
0.19473019310593936,1.0
0.19608373939722254,1.0
0.19725681284966798,1.0
0.1984298863021134,1.0
0.1996029597545588,1.0
0.20077603320700424,1.0
0.20194910665944965,1.0
0.20312218011189506,1.0
0.2042952535643405,1.0
0.2054683270167859,1.0
0.20664140046923135,1.0
0.20781447392167676,1.0
0.20898754737412217,1.0
0.2101606208265676,1.0
0.21133369427901302,1.0
0.21259700415087732,1.0
0.21377007760332273,1.0
0.21494315105576814,1.0
0.21611622450821358,1.0
0.21737953438007784,1.0
0.21864284425194214,1.0
0.2199963905432253,1.0
0.22125970041508958,1.0
0.22252301028695387,1.0
0.22378632015881814,1.0
0.22495939361126358,1.0
0.22631293990254672,1.0
0.22757624977441102,1.0
0.22883955964627528,1.0
0.23001263309872072,1.0
0.23118570655116613,1.0
0.23235878000361157,1.0
0.23362208987547584,1.0
0.23479516332792125,1.0
0.23614870961920442,1.0
0.23741201949106872,1.0
0.23885580220177077,1.0
0.24020934849305395,1.0
0.24138242194549936,1.0
0.24255549539794477,1.0
0.24381880526980906,1.0
0.24508211514167336,1.0
0.24625518859411877,1.0
0.24742826204656418,1.0
0.24887204475726624,1.0
0.2501353546291305,1.0
0.2513986645009948,1.0
0.252752210792278,1.0
0.2539252842447234,1.0
0.2551885941165877,1.0
0.25645190398845197,1.0
0.2576249774408974,1.0
0.25888828731276164,1.0
0.2600613607652071,1.0
0.2612344342176525,1.0
0.2624075076700979,1.0
0.2637610539613811,1.0
0.2649341274138265,1.0
0.26610720086627193,1.0
0.26746074715755513,1.0
0.26872405702941937,1.0
0.26998736690128367,1.0
0.2711604403537291,1.0
0.2723335138061745,1.0
0.2735065872586199,1.0
0.274950369969322,1.0
0.2761234434217674,1.0
0.27747698971305057,1.0
0.278650063165496,1.0
0.2799133730373603,1.0
0.2810864464898057,1.0
0.28234975636167,1.0
0.2836130662335343,1.0
0.2847861396859797,1.0
0.2861396859772629,1.0
0.2873127594297083,1.0
0.2886663057209915,1.0
0.2899296155928558,1.0
0.29110268904530123,1.0
0.2923659989171655,1.0
0.2935390723696109,1.0
0.2948023822414752,1.0
0.2960656921133395,1.0
0.2972387655657849,1.0
0.2985020754376492,1.0
0.2996751488900946,1.0
0.3009384587619589,1.0
0.3022920050532421,1.0
0.30355531492510635,1.0
0.30490886121638955,1.0
0.30617217108825384,1.0
0.30743548096011813,1.0
0.30878902725140134,1.0
0.31005233712326563,1.0
0.31131564699512987,1.0
0.31266919328641307,1.0
0.31393250315827737,1.0
0.31528604944956057,1.0
0.31663959574084377,1.0
0.31790290561270806,1.0
0.3190759790651535,1.0
0.3202490525175989,1.0
0.3214221259700443,1.0
0.32277567226132753,1.0
0.32394874571377297,1.0
0.32512181916621835,1.0
0.3265656018769204,1.0
0.32773867532936585,1.0
0.32900198520123014,1.0
0.33026529507309443,1.0
0.33152860494495867,1.0
0.3327016783974041,1.0
0.33387475184984955,1.0
0.33513806172171384,1.0
0.3363111351741592,1.0
0.33748420862660466,1.0
0.3386572820790501,1.0
0.3398303555314955,1.0
0.3410034289839409,1.0
0.34217650243638636,1.0
0.34334957588883175,1.0
0.3445226493412772,1.0
0.3456957227937226,1.0
0.346868796246168,1.0
0.34804186969861345,1.0
0.3492149431510589,1.0
0.35038801660350427,1.0
0.3515610900559497,1.0
0.35273416350839515,1.0
0.35408770979967835,1.0
0.35526078325212374,1.0
0.3564338567045692,1.0
0.3576069301570146,1.0
0.35878000360946,1.0
0.3600433134813243,1.0
0.3613066233531886,1.0
0.3625699332250529,1.0
0.36383324309691717,1.0
0.3653672622270381,1.0
0.3666305720989023,1.0
0.36834506406786105,1.0
0.3697888467785631,1.0
0.3711423930698463,1.0
0.3724959393611295,1.0
0.37393972207183157,1.0
0.37520303194369586,1.0
0.37646634181556016,1.0
0.37781988810684336,1.0
0.37899296155928874,1.0
0.3801660350117342,1.0
0.3813391084641796,1.0
0.382512181916625,1.0
0.38368525536907044,1.0
0.38494856524093474,1.0
0.38621187511279903,1.0
0.38756542140408223,1.0
0.3887384948565276,1.0
0.3901822775672297,1.0
0.3915358238585129,1.0
0.3927088973109583,1.0
0.3940624436022415,1.0
0.39523551705468696,1.0
0.39658906334597016,1.0
0.39794260963725336,1.0
0.39911568308969875,1.0
0.4005594658004008,1.0
0.4018227756722651,1.0
0.40299584912471054,1.0
0.40434939541599374,1.0
0.4055224688684392,1.0
0.4067857787403034,1.0
0.40795885219274886,1.0
0.4094026349034509,1.0
0.41057570835589635,1.0
0.41174878180834174,1.0
0.41310232809962494,1.0
0.41436563797148923,1.0
0.41571918426277243,1.0
0.4169824941346367,1.0
0.418245804006501,1.0
0.4195993502977842,1.0
0.4209528965890674,1.0
0.42248691571918834,1.0
0.424201407688147,1.0
0.4257354268182679,1.0
0.4269987366901322,1.0
0.42817181014257766,1.0
0.42943512001444195,1.0
0.43078866630572515,1.0
0.43196173975817054,1.0
0.43367623172712927,1.0
0.4351200144378313,1.0
0.4363833243096956,1.0
0.4377368706009788,1.0
0.43900018047284306,1.0
0.44035372676412626,1.0
0.4415268002165717,1.0
0.44297058292727376,1.0
0.4444143656379758,1.0
0.4458581483486779,1.0
0.4472116946399611,1.0
0.4485652409312443,1.0
0.4497383143836897,1.0
0.4510918606749729,1.0
0.45226493412741836,1.0
0.45343800757986374,1.0
0.4546110810323092,1.0
0.4561451001624301,1.0
0.45731817361487553,1.0
0.458491247067321,1.0
0.45966432051976636,1.0
0.4608373939722118,1.0
0.46201046742465723,1.0
0.46336401371594044,1.0
0.4645370871683858,1.0
0.465890633459669,1.0
0.46706370691211446,1.0
0.4682367803645599,1.0
0.4694098538170053,1.0
0.4705829272694507,1.0
0.471846237141315,1.0
0.4730193105937604,1.0
0.47419238404620584,1.0
0.4753654574986513,1.0
0.47662876737051557,1.0
0.47780184082296095,1.0
0.4789749142754064,1.0
0.48014798772785183,1.0
0.4813210611802972,1.0
0.4825843710521615,1.0
0.4838476809240258,1.0
0.48502075437647124,1.0
0.4861938278289166,1.0
0.48754737412019983,1.0
0.4888106839920641,1.0
0.4901642302833473,1.0
0.49133730373579276,1.0
0.49251037718823815,1.0
0.4936834506406836,1.0
0.494856524093129,1.0
0.4960295975455744,1.0
0.49720267099801985,1.0
0.4983757444504653,1.0
0.4996390543223295,1.0
0.500812127774775,1.0
0.5020754376466392,1.0
0.5032485110990846,1.0
0.5045118209709489,1.0
0.5058653672622322,1.0
0.5070384407146776,1.0
0.5083017505865418,1.0
0.5094748240389873,1.0
0.5106478974914327,1.0
0.511911207363297,1.0
0.5130842808157424,1.0
0.5144378271070256,1.0
0.515610900559471,1.0
0.5167839740119164,1.0
0.5181375203031996,1.0
0.5194910665944829,1.0
0.5206641400469283,1.0
0.5220176863382114,1.0
0.5232809962100757,1.0
0.5244540696625212,1.0
0.5257173795343855,1.0
0.5269806894062498,1.0
0.5281537628586952,1.0
0.5293268363111405,1.0
0.5306803826024238,1.0
0.5319436924742881,1.0
0.5331167659267335,1.0
0.534289839379179,1.0
0.5354629128316243,1.0
0.5367262227034886,1.0
0.537899296155934,1.0
0.5390723696083795,1.0
0.5402454430608249,1.0
0.5414185165132703,1.0
0.5428622992239723,1.0
0.5442158455152556,1.0
0.5456596282259576,1.0
0.546832701678403,1.0
0.5481862479696863,1.0
0.5493593214221316,1.0
0.5508031041328337,1.0
0.5521566504241169,1.0
0.5534199602959812,1.0
0.5545930337484266,1.0
0.5558563436202909,1.0
0.5572098899115742,1.0
0.5583829633640195,1.0
0.5599169824941405,1.0
0.5611802923660048,1.0
0.5623533658184502,1.0
0.5636166756903145,1.0
0.5648799855621787,1.0
0.5664140046922996,1.0
0.5675870781447451,1.0
0.5690308608554471,1.0
0.5703844071467303,1.0
0.5716477170185946,1.0
0.5730914997292966,1.0
0.5743548096011609,1.0
0.5757083558924441,1.0
0.5768814293448894,1.0
0.5781447392167537,1.0
0.5793178126691991,1.0
0.5806713589604823,1.0
0.5819346688323466,1.0
0.5831979787042109,1.0
0.5846417614149129,1.0
0.5858148348673582,1.0
0.5872586175780602,1.0
0.5888828731276,1.0
0.5905071286771398,1.0
0.5916802021295853,1.0
0.5929435120014496,1.0
0.5942068218733138,1.0
0.5953798953257592,1.0
0.59691391445588,1.0
0.5981772243277443,1.0
0.5997112434578653,1.0
0.6009745533297296,1.0
0.6023280996210127,1.0
0.603681645912296,1.0
0.6049449557841603,1.0
0.6062082656560245,1.0
0.6073813391084699,1.0
0.6085544125609152,1.0
0.6097274860133606,1.0
0.6109005594658059,1.0
0.6120736329182513,1.0
0.6133369427901156,1.0
0.6146002526619799,1.0
0.6157733261144253,1.0
0.6169463995668706,1.0
0.6183901822775726,1.0
0.6195632557300179,1.0
0.6207363291824634,1.0
0.6219996390543275,1.0
0.623172712506773,1.0
0.6243457859592183,1.0
0.6255188594116636,1.0
0.6266919328641091,1.0
0.6278650063165544,1.0
0.6290380797689997,1.0
0.630211153221445,1.0
0.6313842266738905,1.0
0.6325573001263358,1.0
0.6337303735787811,1.0
0.6349034470312265,1.0
0.6360765204836719,1.0
0.6372495939361172,1.0
0.6385129038079815,1.0
0.6396859772604269,1.0
0.6408590507128722,1.0
0.6420321241653176,1.0
0.643205197617763,1.0
0.6443782710702083,1.0
0.6455513445226537,1.0
0.646724417975099,1.0
0.6478974914275444,1.0
0.6490705648799897,1.0
0.6502436383324351,1.0
0.6515069482042993,1.0
0.6527702580761636,1.0
0.6540335679480279,1.0
0.6552066414004734,1.0
0.6563797148529187,1.0
0.657552788305364,1.0
0.6587258617578093,1.0
0.6599891716296736,1.0
0.661162245082119,1.0
0.6623353185345644,1.0
0.6635083919870097,1.0
0.664681465439455,1.0
0.6659447753113193,1.0
0.6671178487637647,1.0
0.668381158635629,1.0
0.6696444685074933,1.0
0.6708175419599387,1.0
0.671990615412384,1.0
0.6731636888648294,1.0
0.6743367623172747,1.0
0.675600072189139,1.0
0.6768633820610033,1.0
0.6783071647717053,1.0
0.6797509474824073,1.0
0.6810142573542716,1.0
0.6821873308067169,1.0
0.6838115863562567,1.0
0.6853456054863777,1.0
0.686608915358242,1.0
0.6878722252301063,1.0
0.6892257715213894,1.0
0.6904890813932537,1.0
0.691752391265118,1.0
0.6931059375564012,1.0
0.6944594838476844,1.0
0.6956325573001297,1.0
0.696895867171994,1.0
0.6981591770438583,1.0
0.6994224869157226,1.0
0.700595560368168,1.0
0.7017686338206133,1.0
0.7033026529507342,1.0
0.7044757264031796,1.0
0.7057390362750439,1.0
0.7070023461469082,1.0
0.7083558924381914,1.0
0.7095289658906367,1.0
0.7107020393430821,1.0
0.7118751127955274,1.0
0.7131384226673917,1.0
0.714401732539256,1.0
0.7156650424111203,1.0
0.7169283522829846,1.0
0.7181014257354299,1.0
0.7192744991878752,1.0
0.7207182818985772,1.0
0.7220718281898605,1.0
0.7234253744811436,1.0
0.7247789207724269,1.0
0.72613246706371,1.0
0.7273055405161555,1.0
0.7286590868074386,1.0
0.7301028695181406,1.0
0.7314564158094239,1.0
0.732809962100707,1.0
0.7340732719725713,1.0
0.7352463454250167,1.0
0.7369608373939753,1.0
0.7384046201046773,1.0
0.7398484028153793,1.0
0.7412921855260813,1.0
0.7425554953979456,1.0
0.7439992781086476,1.0
0.7454430608193496,1.0
0.7469770799494705,1.0
0.7483306262407537,1.0
0.749593936112618,1.0
0.7512181916621579,1.0
0.7526619743728599,1.0
0.754015520664143,1.0
0.755459303374845,1.0
0.7568128496661283,1.0
0.7582566323768303,1.0
0.7595199422486946,1.0
0.7610539613788154,1.0
0.7624075076700987,1.0
0.7639415268002195,1.0
0.7652950730915028,1.0
0.7670998014798803,1.0
0.7683631113517446,1.0
0.7697166576430278,1.0
0.7711604403537298,1.0
0.7724237502255941,1.0
0.7735968236780395,1.0
0.7748601335499037,1.0
0.776123443421768,1.0
0.7773867532936323,1.0
0.7787402995849155,1.0
0.7799133730373609,1.0
0.7811766829092252,1.0
0.7824399927810894,1.0
0.7837033026529537,1.0
0.7850568489442369,1.0
0.7863201588161012,1.0
0.7874932322685465,1.0
0.788666305720992,1.0
0.7899296155928561,1.0
0.7912831618841394,1.0
0.7927269445948414,1.0
0.7939000180472867,1.0
0.7955242735968265,1.0
0.796697347049272,1.0
0.7978704205017173,1.0
0.7990434939541626,1.0
0.8003068038260269,1.0
0.8018408229561479,1.0
0.803194369247431,1.0
0.8044576791192953,1.0
0.8056307525717407,1.0
0.806894062443605,1.0
0.8084280815737259,1.0
0.8096011550261712,1.0
0.8110449377368733,1.0
0.8122180111893186,1.0
0.813391084641764,1.0
0.8145641580942093,1.0
0.8157372315466547,1.0
0.817000541418519,1.0
0.8182638512903833,1.0
0.8195271611622476,1.0
0.8207002346146929,1.0
0.8219635444865572,1.0
0.8232268543584215,1.0
0.8243999278108668,1.0
0.8255730012633121,1.0
0.8269265475545954,1.0
0.8281898574264597,1.0
0.829453167298324,1.0
0.8306262407507693,1.0
0.8320700234614713,1.0
0.8333333333333356,1.0
0.8347771160440376,1.0
0.8359501894964829,1.0
0.8372134993683472,1.0
0.8384768092402115,1.0
0.8398303555314947,1.0
0.8412741382421967,1.0
0.842537448114061,1.0
0.8437105215665063,1.0
0.8448835950189517,1.0
0.8463273777296537,1.0
0.847590687601518,1.0
0.8487637610539633,1.0
0.8500270709258276,1.0
0.8512903807976919,1.0
0.8524634542501373,1.0
0.8536365277025826,1.0
0.8548998375744469,1.0
0.8561631474463112,1.0
0.8573362208987565,1.0
0.8585092943512018,1.0
0.8597726042230661,1.0
0.8610359140949304,1.0
0.8622089875473757,1.0
0.8633820609998212,1.0
0.8645551344522665,1.0
0.8658184443241308,1.0
0.8669915177765761,1.0
0.8681645912290215,1.0
0.8693376646814669,1.0
0.8706009745533312,1.0
0.8717740480057765,1.0
0.8729471214582218,1.0
0.8741201949106672,1.0
0.8752932683631126,1.0
0.8764663418155579,1.0
0.8777296516874222,1.0
0.8789027251398676,1.0
0.8801660350117319,1.0
0.8813391084641772,1.0
0.8825121819166226,1.0
0.883685255369068,1.0
0.8848583288215133,1.0
0.8860314022739586,1.0
0.8872947121458229,1.0
0.8884677855982682,1.0
0.8901822775672269,1.0
0.8914455874390912,1.0
0.8927088973109555,1.0
0.8941526800216575,1.0
0.8954159898935218,1.0
0.8965890633459671,1.0
0.8978523732178314,1.0
0.8993863923479524,1.0
0.9006497022198166,1.0
0.9023641941887752,1.0
0.9036275040606395,1.0
0.9048005775130848,1.0
0.9059736509655302,1.0
0.9072369608373945,1.0
0.9085905071286777,1.0
0.909763580581123,1.0
0.9109366540335684,1.0
0.9121097274860138,1.0
0.9132828009384591,1.0
0.9144558743909045,1.0
0.9156289478433498,1.0
0.9168922577152141,1.0
0.9181555675870784,1.0
0.9194188774589427,1.0
0.920591950911388,1.0
0.9217650243638335,1.0
0.9230283342356977,1.0
0.9242014076881431,1.0
0.9253744811405884,1.0
0.9265475545930337,1.0
0.927901100884317,1.0
0.9290741743367623,1.0
0.9303374842086266,1.0
0.9315105576610719,1.0
0.9326836311135174,1.0
0.9342176502436382,1.0
0.9354809601155025,1.0
0.9367442699873668,1.0
0.9380075798592311,1.0
0.9394513625699331,1.0
0.9406244360223784,1.0
0.9421584551524994,1.0
0.9436924742826203,1.0
0.9451362569933223,1.0
0.9469409853816998,1.0
0.948294531672983,1.0
0.949828550803104,1.0
0.9515430427720626,1.0
0.9532575347410213,1.0
0.9551524995488178,1.0
0.9573181736148708,1.0
0.9586717199061541,1.0
0.9602057390362749,1.0
0.9618299945858149,1.0
0.9632737772965169,1.0
0.9645370871683812,1.0
0.966071106298502,1.0
0.9674246525897853,1.0
0.9687781988810684,1.0
0.9702219815917704,1.0
0.9715755278830537,1.0
0.9728388377549179,1.0
0.9742826204656199,1.0
0.9754556939180653,1.0
0.9769897130481862,1.0
0.9787042050171448,1.0
0.980779642663779,1.0
0.9820429525356433,1.0
0.9836672080851832,1.0
0.9851109907958852,1.0
0.9866450099260061,1.0
0.9880887926367081,1.0
0.989622811766829,1.0
0.99115683089695,1.0
0.9925103771882331,1.0
0.9939541598989351,1.0
0.9953077061902184,1.0
0.9966612524815015,1.0
0.9980147987727848,1.0
0.999278108644649,1.0
1.0,1.0
1.0,1.0
